4000A1,NO EVIDENCE OF REG
8939,WHITE CURB
000,12500C
8070,PARK IN GRID LOCK ZN
8069AA,NO STOP/STAND AM
8069A,NO STOPPING/STANDING
8058L,PREF PARKING
8069B,NO PARKING
5200A,DSPLYPLATE A
099,5204
8056E4,RED ZONE
8813B,METER EXPIRED
225078A,HANDICAP/NO DP ID
8603,PK IN PROH AREA
8069BS,NO PARK/STREET CLEAN
6344K2,NO PK BET 1-3AM
018,22502A
8069AP,NO STOP/STAND PM
5204A,EXPIRED TAGS
80714,PRIVATE PROPERTY
002,4000A
8940,PARKING AREA
007,22500B
030,22522
89391C,EXCEED TIME LMT
225078C2,HANDICAP/CROSS HATCH
8936,RED CURB
013,22500H
098,5200
010,22500E
8061,STNDNG IN ALLEY
011,22500F
5204A-,DISPLAY OF TABS
22502A,18 IN. CURB/2 WAY
80.70,NO STOPPING/ANTI-GRIDLOCK ZONE
80.69AP+,NO STOP/STANDING
22511.57,DP-ALTERED
22507.8A,DISABLED PARKING/NO
80.73.2,EXCEED 72HRS-ST
5200,DISPLAY OF PLATES
80.69AA+,NO STOP/STAND
22500E,BLOCKING DRIVEWAY
22514,FIRE HYDRANT
80.61,STANDNG IN ALLEY
80.69.2,COMM VEH OVER TIME LIMIT
80.56E4+,RED ZONE
80.58L,PREFERENTIAL PARKING
88.13B+,METER EXP.
80.56E1,WHITE ZONE
88.03A,OUTSIDE LINES/METER
22500I-,PARKED IN BUS ZONE
22500H,DOUBLE PARKING
88.63B+,OFF STR/OVERTIME/MTR
80.69B,NO PARKING
80.69BS,NO PARK/STREET CLEAN
80.56E2,YELLOW ZONE
80.69C,PARKED OVER TIME LIMIT
21211B,BLK BIKE PATH OR LANE
22500F,PARKED ON SIDEWALK
80.71.4,PRIVATE PROPERTY
80.69A+,STOP/STAND PROHIBIT
86.06,CITY PARK/PROHIB
80.54H1,OVNIGHT PRK W/OUT PE
80.71.3,PARKING/FRONT YARD
80.49+,18 IN/CURB/COMM VEH
80.56E3,GREEN ZONE
22502E,18 IN. CURB/1 WAY
22500A,WITHIN INTERSECTION
80.66.1D,RESTRICTED TAXI ZONE
22507.8C,DISABLED PARKING/CRO
22500C,SAFETY ZONE/CURB
86.03,CITY PARK/PROHIB
80.58.1,CARSHARE PARKING
22500B,PARKED IN CROSSWALK
88.64A,TIME LIMIT/CITY LOT
22500.1+,PARKED IN FIRE LANE
88.53,OFF STR MTR/OUT LINE
80.69.1A,COMM TRAILER/22 FT.
22500L-,DP-BLKNG ACCESS RAMP
022,225078
80692,COMVEH RES/OV TM LMT
014,22500I
80732,EXCEED 72 HOURS
024,22514
225001,PARK FIRE LANE
8056E2,YELLOW ZONE
8056E1,WHITE ZONE
56,80.56E4+
22522-,3 FT. SIDEWALK RAMP
22507.8B,DISABLED PARKING/OBS
55,22500E
8055A1,HAZARDOUS AREA
8049,WRG SD/NOT PRL
6344K7,PK OUTSD PK STL
6344K8,SIGN PSTD-NO PK
8606,PK OTSD PSTD AR
570,2251157B
569,2251157A
571,2251157C
22500L,BLOCK HANDICAP ACCES
5200B,DSPLYPLATE B
8709K,PK OVR PNTD LNS
006,22500A
80713,PARKING/FRONT YARD 1
553,80581
80661D,RESTRICTED ZONE
225078C1,HANDICAP/ON LINE
80691A,COMM TRAILER/22 FT.
2251156B,MISUSE/DP PRIVILEGE
89355C,ILGL EXT OF TM
22500E#,BLOCKING DRIVEWAY
8056E3,GREEN ZONE
8069C,PKD OVER TIME LIMIT
572521E,OBST FIRE RD
8051A,LEFT SIDE OF ROADWAY
225078B,HANDICPD/BLOCKING
032,22523B
89355B,METER EXPIRED
019,22502E
8943,PARK IN XWALK
8803A,PK OUTSD SPACE
80692**,COMVEH RES/OV TM C-3
54,80.58L
80.69.4,PK OVERSIZ
80.73B2.,CATERING VIOLATION
22507A,OVERSIZED VEHICLE PARKING TOPHAM ST
22500G,OBSTR EXCAVATN
22505B,STATE HIGHWAY PARKNG
51,80.69BS
80694,PK OVERSIZED 1ST
85.01,REPAIRING VEH/STREET
80.69.1C,PK TRAILER
87.55,FOR SALE SIGN
22515,UNATT/MOTOR ON
57,5204A-
8056W,WHITE ZONE
556,8755
80692*,COMVEH RES/OV TM B-2
015,22500J
8053,PKD IN/ON PARKWAY
80.72,RED FLAG DAY
80694**,PK OVERSIZED 3RD
555,5201F
554,2251157
22526,BLOCKING INTERSECTION
21113A+,PUBLIC GROUNDS
22500D,PK-15FT FIRE ST
80.69D,VEH/LOAD OVR 6' HIGH
21210,BICYCLE PARKING
8864A,TIME LIMIT/CITY LOT
031,22523A
80.75.1,AUDIBLE ALARM
53,5204A-
22507.8A-,DISABLED PARKING/NO DP ID
22507.8C2,DISABLED PARKING/CROSS HATCH
22502A#,18 IN. CURB/2 WAY
025,22515
17104H,LOAD/UNLOAD ONLY
17104C,R/PRIV PARKING AREA
89391B,PARKING PROHIB
89355A,FAIL DEP COIN
008,22500C
80731,STORING VEH/ON STR
8709B,PARK-PSTD AREAS
87.53,MOB BILBD ADV DISP
22511.57B,DP- RO NOT PRESENT
22511.57C,DP-ALTERED
22507.8C1,DISABLED PARKING/BOUNDARIES
22507.8B-,DISABLED PARKING/OBSTRUCT ACCESS
22523B-,ABAND VEH/PUB/PRIV
80.74,CLEANING VEH/STREET
22511.56B,DP-REFUSE ID
58,80.69A+
80.73.1+,STORING VEH/ON STR
5202,PERIOD OF DISPLAY
80691D,TRAILER NOT ATTACHED
21113,PRKG PUBL GRNDS
045,4000
8709A,6FT OF RR TRACK
89391A,STOP/STAND PROHB
28071,FRONT BUMP REQ
8073B2A3,CATERING/W/I 200 FT
